image_id,split,model_id,content_image_id,best_seed
2,train,1,2,0
3,train,1,3,8
4,train,1,4,4
7,train,1,7,11
9,train,1,9,11
15,train,1,15,0
16,train,1,16,8
18,train,1,18,7
21,train,1,21,6
22,train,1,22,1
24,train,1,24,11
28,train,1,28,0
30,train,1,30,2
33,train,1,33,6
37,train,1,37,10
38,train,1,38,9
39,train,1,39,6
42,train,1,42,0
44,train,1,44,0
47,train,1,47,9
49,train,1,49,0
51,train,1,51,3
52,train,1,52,3
53,train,1,53,6
55,train,1,55,0
58,train,1,58,0
59,train,1,59,0
60,train,1,60,6
61,train,1,61,0
64,train,1,64,0
69,train,1,69,2
71,train,1,71,0
72,train,1,72,0
73,train,1,73,0
75,train,1,75,0
77,train,1,77,0
79,train,1,79,0
80,train,1,80,0
83,train,1,83,0
84,train,1,84,0
85,train,1,85,1
87,train,1,87,0
88,train,1,88,0
89,train,1,89,3
91,train,2,2,7
92,train,2,3,0
93,train,2,4,1
96,train,2,7,10
98,train,2,9,3
104,train,2,15,1
105,train,2,16,5
107,train,2,18,0
110,train,2,21,0
111,train,2,22,2
113,train,2,24,0
117,train,2,28,0
119,train,2,30,2
122,train,2,33,0
126,train,2,37,0
127,train,2,38,0
128,train,2,39,3
131,train,2,42,8
133,train,2,44,0
136,train,2,47,9
138,train,2,49,3
140,train,2,51,0
141,train,2,52,1
142,train,2,53,1
144,train,2,55,0
147,train,2,58,0
148,train,2,59,0
149,train,2,60,4
150,train,2,61,0
153,train,2,64,0
158,train,2,69,0
160,train,2,71,0
161,train,2,72,0
162,train,2,73,5
164,train,2,75,1
166,train,2,77,0
168,train,2,79,0
169,train,2,80,0
172,train,2,83,0
173,train,2,84,0
174,train,2,85,0
176,train,2,87,0
177,train,2,88,0
178,train,2,89,2
180,train,3,2,2
181,train,3,3,3
182,train,3,4,0
185,train,3,7,8
187,train,3,9,6
193,train,3,15,3
194,train,3,16,0
196,train,3,18,7
199,train,3,21,11
200,train,3,22,0
202,train,3,24,9
206,train,3,28,4
208,train,3,30,9
211,train,3,33,6
215,train,3,37,11
216,train,3,38,11
217,train,3,39,8
220,train,3,42,5
222,train,3,44,6
225,train,3,47,7
227,train,3,49,3
229,train,3,51,4
230,train,3,52,1
231,train,3,53,1
233,train,3,55,2
236,train,3,58,6
237,train,3,59,1
238,train,3,60,11
239,train,3,61,3
242,train,3,64,6
247,train,3,69,10
249,train,3,71,1
250,train,3,72,4
251,train,3,73,0
253,train,3,75,6
255,train,3,77,5
257,train,3,79,6
258,train,3,80,7
261,train,3,83,8
262,train,3,84,0
263,train,3,85,46
265,train,3,87,8
266,train,3,88,14
267,train,3,89,5
269,train,4,2,0
270,train,4,3,0
271,train,4,4,0
274,train,4,7,6
276,train,4,9,5
282,train,4,15,1
283,train,4,16,0
285,train,4,18,10
288,train,4,21,4
289,train,4,22,0
291,train,4,24,7
295,train,4,28,0
297,train,4,30,6
300,train,4,33,0
304,train,4,37,1
305,train,4,38,6
306,train,4,39,10
309,train,4,42,5
311,train,4,44,3
314,train,4,47,8
316,train,4,49,1
318,train,4,51,3
319,train,4,52,8
320,train,4,53,2
322,train,4,55,0
325,train,4,58,0
326,train,4,59,1
327,train,4,60,1
328,train,4,61,0
331,train,4,64,0
336,train,4,69,2
338,train,4,71,33
339,train,4,72,0
340,train,4,73,0
342,train,4,75,0
344,train,4,77,0
346,train,4,79,0
347,train,4,80,0
350,train,4,83,2
351,train,4,84,0
352,train,4,85,6
354,train,4,87,0
355,train,4,88,3
356,train,4,89,0
358,train,5,2,1
359,train,5,3,0
360,train,5,4,1
363,train,5,7,2
365,train,5,9,11
371,train,5,15,1
372,train,5,16,0
374,train,5,18,0
377,train,5,21,0
378,train,5,22,0
380,train,5,24,1
384,train,5,28,0
386,train,5,30,8
389,train,5,33,4
393,train,5,37,7
394,train,5,38,2
395,train,5,39,11
398,train,5,42,3
400,train,5,44,2
403,train,5,47,8
405,train,5,49,0
407,train,5,51,1
408,train,5,52,8
409,train,5,53,5
411,train,5,55,11
414,train,5,58,4
415,train,5,59,11
416,train,5,60,0
417,train,5,61,2
420,train,5,64,8
425,train,5,69,2
427,train,5,71,7
428,train,5,72,10
429,train,5,73,4
431,train,5,75,7
433,train,5,77,2
435,train,5,79,2
436,train,5,80,0
439,train,5,83,0
440,train,5,84,5
441,train,5,85,10
443,train,5,87,6
444,train,5,88,6
445,train,5,89,1
447,train,6,2,7
448,train,6,3,0
449,train,6,4,6
452,train,6,7,10
454,train,6,9,8
460,train,6,15,1
461,train,6,16,5
463,train,6,18,1
466,train,6,21,7
467,train,6,22,3
469,train,6,24,6
473,train,6,28,8
475,train,6,30,4
478,train,6,33,0
482,train,6,37,2
483,train,6,38,4
484,train,6,39,4
487,train,6,42,2
489,train,6,44,3
492,train,6,47,1
494,train,6,49,1
496,train,6,51,6
497,train,6,52,10
498,train,6,53,5
500,train,6,55,0
503,train,6,58,11
504,train,6,59,10
505,train,6,60,7
506,train,6,61,1
509,train,6,64,2
514,train,6,69,1
516,train,6,71,1
517,train,6,72,9
518,train,6,73,1
520,train,6,75,1
522,train,6,77,2
524,train,6,79,3
525,train,6,80,4
528,train,6,83,1
529,train,6,84,5
530,train,6,85,1
532,train,6,87,23
533,train,6,88,8
534,train,6,89,8
536,train,7,2,1
537,train,7,3,4
538,train,7,4,1
541,train,7,7,10
543,train,7,9,4
549,train,7,15,5
550,train,7,16,7
552,train,7,18,10
555,train,7,21,10
556,train,7,22,8
558,train,7,24,3
562,train,7,28,0
564,train,7,30,3
567,train,7,33,6
571,train,7,37,1
572,train,7,38,8
573,train,7,39,5
576,train,7,42,0
578,train,7,44,6
581,train,7,47,5
583,train,7,49,2
585,train,7,51,0
586,train,7,52,4
587,train,7,53,0
589,train,7,55,7
592,train,7,58,6
593,train,7,59,11
594,train,7,60,1
595,train,7,61,7
598,train,7,64,6
603,train,7,69,11
605,train,7,71,4
606,train,7,72,9
607,train,7,73,6
609,train,7,75,6
611,train,7,77,11
613,train,7,79,2
614,train,7,80,10
617,train,7,83,4
618,train,7,84,0
619,train,7,85,0
621,train,7,87,11
622,train,7,88,0
623,train,7,89,4
625,train,8,2,5
626,train,8,3,2
627,train,8,4,6
630,train,8,7,0
632,train,8,9,7
638,train,8,15,7
639,train,8,16,6
641,train,8,18,7
644,train,8,21,6
645,train,8,22,5
647,train,8,24,0
651,train,8,28,6
653,train,8,30,11
656,train,8,33,10
660,train,8,37,2
661,train,8,38,1
662,train,8,39,4
665,train,8,42,9
667,train,8,44,2
670,train,8,47,7
672,train,8,49,11
674,train,8,51,8
675,train,8,52,8
676,train,8,53,3
678,train,8,55,10
681,train,8,58,2
682,train,8,59,6
683,train,8,60,4
684,train,8,61,8
687,train,8,64,2
692,train,8,69,10
694,train,8,71,7
695,train,8,72,8
696,train,8,73,5
698,train,8,75,2
700,train,8,77,8
702,train,8,79,10
703,train,8,80,0
706,train,8,83,0
707,train,8,84,4
708,train,8,85,3
710,train,8,87,10
711,train,8,88,4
712,train,8,89,5
714,train,9,2,1
715,train,9,3,5
716,train,9,4,4
719,train,9,7,10
721,train,9,9,5
727,train,9,15,2
728,train,9,16,0
730,train,9,18,7
733,train,9,21,2
734,train,9,22,2
736,train,9,24,5
740,train,9,28,6
742,train,9,30,4
745,train,9,33,6
749,train,9,37,9
750,train,9,38,9
751,train,9,39,0
754,train,9,42,5
756,train,9,44,9
759,train,9,47,11
761,train,9,49,2
763,train,9,51,0
764,train,9,52,1
765,train,9,53,7
767,train,9,55,0
770,train,9,58,7
771,train,9,59,5
772,train,9,60,0
773,train,9,61,5
776,train,9,64,2
781,train,9,69,8
783,train,9,71,5
784,train,9,72,5
785,train,9,73,1
787,train,9,75,7
789,train,9,77,5
791,train,9,79,5
792,train,9,80,1
795,train,9,83,0
796,train,9,84,3
797,train,9,85,5
799,train,9,87,9
800,train,9,88,1
801,train,9,89,9
803,train,10,2,10
804,train,10,3,3
805,train,10,4,4
808,train,10,7,8
810,train,10,9,11
816,train,10,15,4
817,train,10,16,8
819,train,10,18,3
822,train,10,21,6
823,train,10,22,2
825,train,10,24,0
829,train,10,28,7
831,train,10,30,0
834,train,10,33,6
838,train,10,37,1
839,train,10,38,7
840,train,10,39,10
843,train,10,42,0
845,train,10,44,5
848,train,10,47,6
850,train,10,49,3
852,train,10,51,8
853,train,10,52,4
854,train,10,53,2
856,train,10,55,0
859,train,10,58,4
860,train,10,59,19
861,train,10,60,9
862,train,10,61,5
865,train,10,64,7
870,train,10,69,7
872,train,10,71,2
873,train,10,72,9
874,train,10,73,10
876,train,10,75,2
878,train,10,77,4
880,train,10,79,5
881,train,10,80,11
884,train,10,83,0
885,train,10,84,0
886,train,10,85,4
888,train,10,87,0
889,train,10,88,9
890,train,10,89,2
892,train,11,2,9
893,train,11,3,0
894,train,11,4,1
897,train,11,7,2
899,train,11,9,7
905,train,11,15,2
906,train,11,16,5
908,train,11,18,8
911,train,11,21,1
912,train,11,22,6
914,train,11,24,5
918,train,11,28,10
920,train,11,30,4
923,train,11,33,0
927,train,11,37,2
928,train,11,38,4
929,train,11,39,0
932,train,11,42,6
934,train,11,44,0
937,train,11,47,1
939,train,11,49,6
941,train,11,51,0
942,train,11,52,11
943,train,11,53,11
945,train,11,55,4
948,train,11,58,10
949,train,11,59,0
950,train,11,60,1
951,train,11,61,3
954,train,11,64,5
959,train,11,69,10
961,train,11,71,1
962,train,11,72,3
963,train,11,73,11
965,train,11,75,0
967,train,11,77,3
969,train,11,79,2
970,train,11,80,1
973,train,11,83,10
974,train,11,84,0
975,train,11,85,3
977,train,11,87,4
978,train,11,88,1
979,train,11,89,0
981,train,12,2,2
982,train,12,3,6
983,train,12,4,11
986,train,12,7,7
988,train,12,9,11
994,train,12,15,0
995,train,12,16,10
997,train,12,18,7
1000,train,12,21,8
1001,train,12,22,9
1003,train,12,24,2
1007,train,12,28,0
1009,train,12,30,2
1012,train,12,33,3
1016,train,12,37,11
1017,train,12,38,4
1018,train,12,39,6
1021,train,12,42,2
1023,train,12,44,2
1026,train,12,47,2
1028,train,12,49,3
1030,train,12,51,9
1031,train,12,52,5
1032,train,12,53,5
1034,train,12,55,7
1037,train,12,58,21
1038,train,12,59,1
1039,train,12,60,2
1040,train,12,61,2
1043,train,12,64,5
1048,train,12,69,2
1050,train,12,71,1
1051,train,12,72,7
1052,train,12,73,6
1054,train,12,75,10
1056,train,12,77,3
1058,train,12,79,4
1059,train,12,80,33
1062,train,12,83,0
1063,train,12,84,3
1064,train,12,85,9
1066,train,12,87,5
1067,train,12,88,6
1068,train,12,89,5
1070,train,13,2,2
1071,train,13,3,2
1072,train,13,4,6
1075,train,13,7,5
1077,train,13,9,5
1083,train,13,15,3
1084,train,13,16,0
1086,train,13,18,7
1089,train,13,21,11
1090,train,13,22,2
1092,train,13,24,8
1096,train,13,28,7
1098,train,13,30,9
1101,train,13,33,0
1105,train,13,37,2
1106,train,13,38,6
1107,train,13,39,2
1110,train,13,42,11
1112,train,13,44,9
1115,train,13,47,4
1117,train,13,49,4
1119,train,13,51,2
1120,train,13,52,2
1121,train,13,53,8
1123,train,13,55,11
1126,train,13,58,0
1127,train,13,59,2
1128,train,13,60,11
1129,train,13,61,3
1132,train,13,64,21
1137,train,13,69,2
1139,train,13,71,3
1140,train,13,72,4
1141,train,13,73,5
1143,train,13,75,3
1145,train,13,77,6
1147,train,13,79,2
1148,train,13,80,2
1151,train,13,83,6
1152,train,13,84,1
1153,train,13,85,11
1155,train,13,87,2
1156,train,13,88,5
1157,train,13,89,4
1159,train,14,2,0
1160,train,14,3,3
1161,train,14,4,1
1164,train,14,7,9
1166,train,14,9,7
1172,train,14,15,5
1173,train,14,16,0
1175,train,14,18,2
1178,train,14,21,10
1179,train,14,22,2
1181,train,14,24,4
1185,train,14,28,2
1187,train,14,30,2
1190,train,14,33,6
1194,train,14,37,3
1195,train,14,38,5
1196,train,14,39,5
1199,train,14,42,3
1201,train,14,44,7
1204,train,14,47,10
1206,train,14,49,2
1208,train,14,51,2
1209,train,14,52,3
1210,train,14,53,6
1212,train,14,55,0
1215,train,14,58,6
1216,train,14,59,5
1217,train,14,60,1
1218,train,14,61,1
1221,train,14,64,6
1226,train,14,69,2
1228,train,14,71,7
1229,train,14,72,0
1230,train,14,73,1
1232,train,14,75,10
1234,train,14,77,6
1236,train,14,79,3
1237,train,14,80,9
1240,train,14,83,1
1241,train,14,84,0
1242,train,14,85,10
1244,train,14,87,1
1245,train,14,88,3
1246,train,14,89,1
1248,train,15,2,2
1249,train,15,3,4
1250,train,15,4,2
1253,train,15,7,4
1255,train,15,9,2
1261,train,15,15,3
1262,train,15,16,0
1264,train,15,18,9
1267,train,15,21,0
1268,train,15,22,2
1270,train,15,24,9
1274,train,15,28,0
1276,train,15,30,4
1279,train,15,33,6
1283,train,15,37,1
1284,train,15,38,2
1285,train,15,39,0
1288,train,15,42,11
1290,train,15,44,4
1293,train,15,47,0
1295,train,15,49,3
1297,train,15,51,0
1298,train,15,52,3
1299,train,15,53,5
1301,train,15,55,1
1304,train,15,58,3
1305,train,15,59,10
1306,train,15,60,0
1307,train,15,61,0
1310,train,15,64,6
1315,train,15,69,0
1317,train,15,71,4
1318,train,15,72,0
1319,train,15,73,2
1321,train,15,75,6
1323,train,15,77,4
1325,train,15,79,4
1326,train,15,80,1
1329,train,15,83,4
1330,train,15,84,1
1331,train,15,85,0
1333,train,15,87,4
1334,train,15,88,3
1335,train,15,89,0
1337,train,16,2,0
1338,train,16,3,2
1339,train,16,4,6
1342,train,16,7,9
1344,train,16,9,8
1350,train,16,15,1
1351,train,16,16,0
1353,train,16,18,10
1356,train,16,21,9
1357,train,16,22,2
1359,train,16,24,8
1363,train,16,28,10
1365,train,16,30,8
1368,train,16,33,5
1372,train,16,37,2
1373,train,16,38,5
1374,train,16,39,0
1377,train,16,42,10
1379,train,16,44,3
1382,train,16,47,8
1384,train,16,49,1
1386,train,16,51,7
1387,train,16,52,0
1388,train,16,53,2
1390,train,16,55,6
1393,train,16,58,9
1394,train,16,59,5
1395,train,16,60,7
1396,train,16,61,6
1399,train,16,64,3
1404,train,16,69,0
1406,train,16,71,1
1407,train,16,72,0
1408,train,16,73,7
1410,train,16,75,1
1412,train,16,77,0
1414,train,16,79,0
1415,train,16,80,3
1418,train,16,83,1
1419,train,16,84,2
1420,train,16,85,2
1422,train,16,87,11
1423,train,16,88,0
1424,train,16,89,8
1426,train,17,2,1
1427,train,17,3,9
1428,train,17,4,6
1431,train,17,7,0
1433,train,17,9,11
1439,train,17,15,0
1440,train,17,16,0
1442,train,17,18,7
1445,train,17,21,0
1446,train,17,22,8
1448,train,17,24,9
1452,train,17,28,0
1454,train,17,30,0
1457,train,17,33,1
1461,train,17,37,0
1462,train,17,38,0
1463,train,17,39,0
1466,train,17,42,5
1468,train,17,44,1
1471,train,17,47,2
1473,train,17,49,8
1475,train,17,51,0
1476,train,17,52,2
1477,train,17,53,1
1479,train,17,55,0
1482,train,17,58,0
1483,train,17,59,0
1484,train,17,60,0
1485,train,17,61,2
1488,train,17,64,0
1493,train,17,69,0
1495,train,17,71,4
1496,train,17,72,1
1497,train,17,73,0
1499,train,17,75,10
1501,train,17,77,0
1503,train,17,79,0
1504,train,17,80,0
1507,train,17,83,0
1508,train,17,84,0
1509,train,17,85,0
1511,train,17,87,0
1512,train,17,88,0
1513,train,17,89,0
1515,train,18,2,0
1516,train,18,3,4
1517,train,18,4,1
1520,train,18,7,7
1522,train,18,9,3
1528,train,18,15,1
1529,train,18,16,0
1531,train,18,18,3
1534,train,18,21,0
1535,train,18,22,0
1537,train,18,24,4
1541,train,18,28,0
1543,train,18,30,2
1546,train,18,33,1
1550,train,18,37,0
1551,train,18,38,0
1552,train,18,39,4
1555,train,18,42,0
1557,train,18,44,0
1560,train,18,47,0
1562,train,18,49,0
1564,train,18,51,0
1565,train,18,52,1
1566,train,18,53,0
1568,train,18,55,0
1571,train,18,58,0
1572,train,18,59,2
1573,train,18,60,0
1574,train,18,61,1
1577,train,18,64,0
1582,train,18,69,0
1584,train,18,71,0
1585,train,18,72,0
1586,train,18,73,0
1588,train,18,75,2
1590,train,18,77,0
1592,train,18,79,0
1593,train,18,80,1
1596,train,18,83,0
1597,train,18,84,0
1598,train,18,85,18
1600,train,18,87,0
1601,train,18,88,0
1602,train,18,89,0
1604,train,19,2,9
1605,train,19,3,0
1606,train,19,4,2
1609,train,19,7,10
1611,train,19,9,11
1617,train,19,15,1
1618,train,19,16,8
1620,train,19,18,10
1623,train,19,21,6
1624,train,19,22,1
1626,train,19,24,0
1630,train,19,28,0
1632,train,19,30,4
1635,train,19,33,2
1639,train,19,37,4
1640,train,19,38,0
1641,train,19,39,0
1644,train,19,42,1
1646,train,19,44,1
1649,train,19,47,0
1651,train,19,49,1
1653,train,19,51,0
1654,train,19,52,0
1655,train,19,53,1
1657,train,19,55,0
1660,train,19,58,1
1661,train,19,59,1
1662,train,19,60,0
1663,train,19,61,1
1666,train,19,64,0
1671,train,19,69,0
1673,train,19,71,5
1674,train,19,72,1
1675,train,19,73,9
1677,train,19,75,0
1679,train,19,77,0
1681,train,19,79,8
1682,train,19,80,4
1685,train,19,83,1
1686,train,19,84,5
1687,train,19,85,5
1689,train,19,87,4
1690,train,19,88,4
1691,train,19,89,8
1693,train,20,2,2
1694,train,20,3,5
1695,train,20,4,2
1698,train,20,7,0
1700,train,20,9,1
1706,train,20,15,1
1707,train,20,16,3
1709,train,20,18,3
1712,train,20,21,1
1713,train,20,22,9
1715,train,20,24,10
1719,train,20,28,0
1721,train,20,30,3
1724,train,20,33,0
1728,train,20,37,0
1729,train,20,38,8
1730,train,20,39,1
1733,train,20,42,2
1735,train,20,44,0
1738,train,20,47,7
1740,train,20,49,0
1742,train,20,51,1
1743,train,20,52,0
1744,train,20,53,1
1746,train,20,55,0
1749,train,20,58,1
1750,train,20,59,5
1751,train,20,60,5
1752,train,20,61,1
1755,train,20,64,5
1760,train,20,69,1
1762,train,20,71,10
1763,train,20,72,10
1764,train,20,73,3
1766,train,20,75,10
1768,train,20,77,2
1770,train,20,79,3
1771,train,20,80,1
1774,train,20,83,8
1775,train,20,84,2
1776,train,20,85,2
1778,train,20,87,3
1779,train,20,88,2
1780,train,20,89,0
1782,train,21,2,0
1783,train,21,3,1
1784,train,21,4,5
1787,train,21,7,1
1789,train,21,9,2
1795,train,21,15,1
1796,train,21,16,0
1798,train,21,18,3
1801,train,21,21,11
1802,train,21,22,2
1804,train,21,24,2
1808,train,21,28,2
1810,train,21,30,0
1813,train,21,33,1
1817,train,21,37,11
1818,train,21,38,6
1819,train,21,39,1
1822,train,21,42,0
1824,train,21,44,10
1827,train,21,47,1
1829,train,21,49,2
1831,train,21,51,6
1832,train,21,52,4
1833,train,21,53,6
1835,train,21,55,6
1838,train,21,58,6
1839,train,21,59,3
1840,train,21,60,1
1841,train,21,61,5
1844,train,21,64,6
1849,train,21,69,3
1851,train,21,71,2
1852,train,21,72,1
1853,train,21,73,5
1855,train,21,75,5
1857,train,21,77,2
1859,train,21,79,6
1860,train,21,80,6
1863,train,21,83,2
1864,train,21,84,2
1865,train,21,85,0
1867,train,21,87,6
1868,train,21,88,7
1869,train,21,89,8
1871,train,22,2,2
1872,train,22,3,11
1873,train,22,4,0
1876,train,22,7,4
1878,train,22,9,9
1884,train,22,15,3
1885,train,22,16,8
1887,train,22,18,0
1890,train,22,21,1
1891,train,22,22,9
1893,train,22,24,6
1897,train,22,28,21
1899,train,22,30,9
1902,train,22,33,3
1906,train,22,37,11
1907,train,22,38,2
1908,train,22,39,0
1911,train,22,42,6
1913,train,22,44,0
1916,train,22,47,5
1918,train,22,49,1
1920,train,22,51,3
1921,train,22,52,9
1922,train,22,53,1
1924,train,22,55,9
1927,train,22,58,6
1928,train,22,59,3
1929,train,22,60,1
1930,train,22,61,5
1933,train,22,64,0
1938,train,22,69,0
1940,train,22,71,4
1941,train,22,72,0
1942,train,22,73,16
1944,train,22,75,5
1946,train,22,77,6
1948,train,22,79,0
1949,train,22,80,9
1952,train,22,83,1
1953,train,22,84,1
1954,train,22,85,0
1956,train,22,87,1
1957,train,22,88,1
1958,train,22,89,7
1960,train,23,2,1
1961,train,23,3,0
1962,train,23,4,1
1965,train,23,7,0
1967,train,23,9,11
1973,train,23,15,1
1974,train,23,16,0
1976,train,23,18,1
1979,train,23,21,1
1980,train,23,22,0
1982,train,23,24,1
1986,train,23,28,6
1988,train,23,30,0
1991,train,23,33,0
1995,train,23,37,1
1996,train,23,38,10
1997,train,23,39,0
2000,train,23,42,0
2002,train,23,44,1
2005,train,23,47,1
2007,train,23,49,1
2009,train,23,51,1
2010,train,23,52,1
2011,train,23,53,1
2013,train,23,55,0
2016,train,23,58,3
2017,train,23,59,2
2018,train,23,60,1
2019,train,23,61,4
2022,train,23,64,0
2027,train,23,69,10
2029,train,23,71,0
2030,train,23,72,0
2031,train,23,73,1
2033,train,23,75,2
2035,train,23,77,0
2037,train,23,79,1
2038,train,23,80,0
2041,train,23,83,3
2042,train,23,84,0
2043,train,23,85,3
2045,train,23,87,1
2046,train,23,88,5
2047,train,23,89,0
2049,train,24,2,0
2050,train,24,3,0
2051,train,24,4,1
2054,train,24,7,1
2056,train,24,9,2
2062,train,24,15,0
2063,train,24,16,0
2065,train,24,18,1
2068,train,24,21,2
2069,train,24,22,0
2071,train,24,24,0
2075,train,24,28,2
2077,train,24,30,2
2080,train,24,33,0
2084,train,24,37,1
2085,train,24,38,2
2086,train,24,39,3
2089,train,24,42,0
2091,train,24,44,0
2094,train,24,47,0
2096,train,24,49,3
2098,train,24,51,1
2099,train,24,52,0
2100,train,24,53,1
2102,train,24,55,0
2105,train,24,58,0
2106,train,24,59,3
2107,train,24,60,0
2108,train,24,61,7
2111,train,24,64,2
2116,train,24,69,6
2118,train,24,71,0
2119,train,24,72,0
2120,train,24,73,0
2122,train,24,75,0
2124,train,24,77,2
2126,train,24,79,2
2127,train,24,80,1
2130,train,24,83,0
2131,train,24,84,2
2132,train,24,85,27
2134,train,24,87,1
2135,train,24,88,1
2136,train,24,89,0
2138,train,25,2,10
2139,train,25,3,0
2140,train,25,4,2
2143,train,25,7,6
2145,train,25,9,9
2151,train,25,15,1
2152,train,25,16,0
2154,train,25,18,7
2157,train,25,21,10
2158,train,25,22,0
2160,train,25,24,0
2164,train,25,28,0
2166,train,25,30,5
2169,train,25,33,0
2173,train,25,37,0
2174,train,25,38,0
2175,train,25,39,0
2178,train,25,42,2
2180,train,25,44,0
2183,train,25,47,0
2185,train,25,49,0
2187,train,25,51,0
2188,train,25,52,1
2189,train,25,53,6
2191,train,25,55,0
2194,train,25,58,0
2195,train,25,59,0
2196,train,25,60,0
2197,train,25,61,2
2200,train,25,64,2
2205,train,25,69,1
2207,train,25,71,0
2208,train,25,72,0
2209,train,25,73,2
2211,train,25,75,0
2213,train,25,77,0
2215,train,25,79,2
2216,train,25,80,2
2219,train,25,83,0
2220,train,25,84,1
2221,train,25,85,0
2223,train,25,87,1
2224,train,25,88,1
2225,train,25,89,7
2227,train,26,2,1
2228,train,26,3,0
2229,train,26,4,1
2232,train,26,7,10
2234,train,26,9,2
2240,train,26,15,0
2241,train,26,16,1
2243,train,26,18,7
2246,train,26,21,2
2247,train,26,22,2
2249,train,26,24,0
2253,train,26,28,0
2255,train,26,30,0
2258,train,26,33,1
2262,train,26,37,2
2263,train,26,38,0
2264,train,26,39,16
2267,train,26,42,0
2269,train,26,44,0
2272,train,26,47,1
2274,train,26,49,1
2276,train,26,51,2
2277,train,26,52,0
2278,train,26,53,1
2280,train,26,55,0
2283,train,26,58,2
2284,train,26,59,0
2285,train,26,60,0
2286,train,26,61,1
2289,train,26,64,0
2294,train,26,69,1
2296,train,26,71,0
2297,train,26,72,0
2298,train,26,73,0
2300,train,26,75,0
2302,train,26,77,1
2304,train,26,79,2
2305,train,26,80,0
2308,train,26,83,1
2309,train,26,84,2
2310,train,26,85,0
2312,train,26,87,0
2313,train,26,88,1
2314,train,26,89,1
2316,train,27,2,5
2317,train,27,3,2
2318,train,27,4,1
2321,train,27,7,7
2323,train,27,9,11
2329,train,27,15,4
2330,train,27,16,1
2332,train,27,18,3
2335,train,27,21,5
2336,train,27,22,8
2338,train,27,24,4
2342,train,27,28,10
2344,train,27,30,2
2347,train,27,33,0
2351,train,27,37,2
2352,train,27,38,5
2353,train,27,39,6
2356,train,27,42,7
2358,train,27,44,3
2361,train,27,47,8
2363,train,27,49,7
2365,train,27,51,7
2366,train,27,52,8
2367,train,27,53,1
2369,train,27,55,5
2372,train,27,58,0
2373,train,27,59,21
2374,train,27,60,1
2375,train,27,61,2
2378,train,27,64,0
2383,train,27,69,52
2385,train,27,71,10
2386,train,27,72,2
2387,train,27,73,11
2389,train,27,75,2
2391,train,27,77,4
2393,train,27,79,46
2394,train,27,80,1
2397,train,27,83,15
2398,train,27,84,59
2399,train,27,85,4
2401,train,27,87,0
2402,train,27,88,3
2403,train,27,89,0
2405,train,28,2,0
2406,train,28,3,0
2407,train,28,4,1
2410,train,28,7,2
2412,train,28,9,2
2418,train,28,15,0
2419,train,28,16,0
2421,train,28,18,0
2424,train,28,21,2
2425,train,28,22,2
2427,train,28,24,0
2431,train,28,28,1
2433,train,28,30,4
2436,train,28,33,0
2440,train,28,37,1
2441,train,28,38,0
2442,train,28,39,0
2445,train,28,42,0
2447,train,28,44,0
2450,train,28,47,0
2452,train,28,49,0
2454,train,28,51,1
2455,train,28,52,1
2456,train,28,53,1
2458,train,28,55,0
2461,train,28,58,1
2462,train,28,59,2
2463,train,28,60,0
2464,train,28,61,0
2467,train,28,64,0
2472,train,28,69,0
2474,train,28,71,0
2475,train,28,72,0
2476,train,28,73,0
2478,train,28,75,1
2480,train,28,77,0
2482,train,28,79,0
2483,train,28,80,1
2486,train,28,83,0
2487,train,28,84,0
2488,train,28,85,1
2490,train,28,87,4
2491,train,28,88,0
2492,train,28,89,0
2494,train,29,2,0
2495,train,29,3,0
2496,train,29,4,4
2499,train,29,7,0
2501,train,29,9,11
2507,train,29,15,0
2508,train,29,16,10
2510,train,29,18,1
2513,train,29,21,5
2514,train,29,22,0
2516,train,29,24,6
2520,train,29,28,6
2522,train,29,30,7
2525,train,29,33,0
2529,train,29,37,2
2530,train,29,38,8
2531,train,29,39,10
2534,train,29,42,11
2536,train,29,44,0
2539,train,29,47,1
2541,train,29,49,0
2543,train,29,51,10
2544,train,29,52,5
2545,train,29,53,8
2547,train,29,55,5
2550,train,29,58,0
2551,train,29,59,1
2552,train,29,60,1
2553,train,29,61,0
2556,train,29,64,6
2561,train,29,69,5
2563,train,29,71,7
2564,train,29,72,2
2565,train,29,73,8
2567,train,29,75,0
2569,train,29,77,0
2571,train,29,79,0
2572,train,29,80,0
2575,train,29,83,0
2576,train,29,84,0
2577,train,29,85,5
2579,train,29,87,0
2580,train,29,88,0
2581,train,29,89,4
2583,train,30,2,4
2584,train,30,3,3
2585,train,30,4,0
2588,train,30,7,7
2590,train,30,9,4
2596,train,30,15,0
2597,train,30,16,5
2599,train,30,18,3
2602,train,30,21,5
2603,train,30,22,2
2605,train,30,24,1
2609,train,30,28,5
2611,train,30,30,6
2614,train,30,33,1
2618,train,30,37,1
2619,train,30,38,0
2620,train,30,39,3
2623,train,30,42,2
2625,train,30,44,2
2628,train,30,47,1
2630,train,30,49,1
2632,train,30,51,0
2633,train,30,52,2
2634,train,30,53,1
2636,train,30,55,1
2639,train,30,58,6
2640,train,30,59,6
2641,train,30,60,0
2642,train,30,61,5
2645,train,30,64,5
2650,train,30,69,2
2652,train,30,71,2
2653,train,30,72,10
2654,train,30,73,5
2656,train,30,75,2
2658,train,30,77,6
2660,train,30,79,2
2661,train,30,80,8
2664,train,30,83,0
2665,train,30,84,1
2666,train,30,85,0
2668,train,30,87,4
2669,train,30,88,1
2670,train,30,89,5
2672,train,31,2,2
2673,train,31,3,0
2674,train,31,4,2
2677,train,31,7,10
2679,train,31,9,7
2685,train,31,15,5
2686,train,31,16,1
2688,train,31,18,7
2691,train,31,21,5
2692,train,31,22,2
2694,train,31,24,1
2698,train,31,28,1
2700,train,31,30,8
2703,train,31,33,1
2707,train,31,37,2
2708,train,31,38,0
2709,train,31,39,0
2712,train,31,42,0
2714,train,31,44,0
2717,train,31,47,2
2719,train,31,49,3
2721,train,31,51,0
2722,train,31,52,0
2723,train,31,53,7
2725,train,31,55,2
2728,train,31,58,6
2729,train,31,59,2
2730,train,31,60,0
2731,train,31,61,2
2734,train,31,64,2
2739,train,31,69,0
2741,train,31,71,0
2742,train,31,72,0
2743,train,31,73,5
2745,train,31,75,6
2747,train,31,77,9
2749,train,31,79,2
2750,train,31,80,3
2753,train,31,83,0
2754,train,31,84,1
2755,train,31,85,3
2757,train,31,87,0
2758,train,31,88,8
2759,train,31,89,4
2761,train,32,2,0
2762,train,32,3,1
2763,train,32,4,0
2766,train,32,7,0
2768,train,32,9,8
2774,train,32,15,8
2775,train,32,16,0
2777,train,32,18,1
2780,train,32,21,2
2781,train,32,22,5
2783,train,32,24,0
2787,train,32,28,2
2789,train,32,30,2
2792,train,32,33,0
2796,train,32,37,4
2797,train,32,38,0
2798,train,32,39,0
2801,train,32,42,2
2803,train,32,44,0
2806,train,32,47,4
2808,train,32,49,0
2810,train,32,51,4
2811,train,32,52,0
2812,train,32,53,1
2814,train,32,55,0
2817,train,32,58,1
2818,train,32,59,4
2819,train,32,60,3
2820,train,32,61,0
2823,train,32,64,1
2828,train,32,69,1
2830,train,32,71,11
2831,train,32,72,1
2832,train,32,73,9
2834,train,32,75,0
2836,train,32,77,0
2838,train,32,79,1
2839,train,32,80,1
2842,train,32,83,1
2843,train,32,84,9
2844,train,32,85,0
2846,train,32,87,0
2847,train,32,88,0
2848,train,32,89,2
2850,train,33,2,0
2851,train,33,3,0
2852,train,33,4,0
2855,train,33,7,0
2857,train,33,9,1
2863,train,33,15,1
2864,train,33,16,0
2866,train,33,18,0
2869,train,33,21,1
2870,train,33,22,2
2872,train,33,24,7
2876,train,33,28,0
2878,train,33,30,0
2881,train,33,33,0
2885,train,33,37,2
2886,train,33,38,2
2887,train,33,39,0
2890,train,33,42,1
2892,train,33,44,0
2895,train,33,47,1
2897,train,33,49,1
2899,train,33,51,0
2900,train,33,52,0
2901,train,33,53,0
2903,train,33,55,0
2906,train,33,58,0
2907,train,33,59,0
2908,train,33,60,1
2909,train,33,61,0
2912,train,33,64,0
2917,train,33,69,0
2919,train,33,71,0
2920,train,33,72,0
2921,train,33,73,0
2923,train,33,75,0
2925,train,33,77,0
2927,train,33,79,5
2928,train,33,80,1
2931,train,33,83,0
2932,train,33,84,0
2933,train,33,85,0
2935,train,33,87,0
2936,train,33,88,0
2937,train,33,89,0
2939,train,34,2,2
2940,train,34,3,0
2941,train,34,4,0
2944,train,34,7,2
2946,train,34,9,8
2952,train,34,15,0
2953,train,34,16,0
2955,train,34,18,7
2958,train,34,21,0
2959,train,34,22,2
2961,train,34,24,0
2965,train,34,28,0
2967,train,34,30,3
2970,train,34,33,0
2974,train,34,37,2
2975,train,34,38,0
2976,train,34,39,0
2979,train,34,42,1
2981,train,34,44,0
2984,train,34,47,0
2986,train,34,49,0
2988,train,34,51,1
2989,train,34,52,0
2990,train,34,53,1
2992,train,34,55,0
2995,train,34,58,1
2996,train,34,59,0
2997,train,34,60,0
2998,train,34,61,0
3001,train,34,64,0
3006,train,34,69,1
3008,train,34,71,0
3009,train,34,72,0
3010,train,34,73,1
3012,train,34,75,0
3014,train,34,77,0
3016,train,34,79,1
3017,train,34,80,1
3020,train,34,83,0
3021,train,34,84,0
3022,train,34,85,2
3024,train,34,87,4
3025,train,34,88,3
3026,train,34,89,3
3028,train,35,2,0
3029,train,35,3,0
3030,train,35,4,1
3033,train,35,7,6
3035,train,35,9,3
3041,train,35,15,0
3042,train,35,16,6
3044,train,35,18,7
3047,train,35,21,1
3048,train,35,22,3
3050,train,35,24,0
3054,train,35,28,3
3056,train,35,30,6
3059,train,35,33,10
3063,train,35,37,0
3064,train,35,38,7
3065,train,35,39,10
3068,train,35,42,9
3070,train,35,44,11
3073,train,35,47,10
3075,train,35,49,7
3077,train,35,51,2
3078,train,35,52,6
3079,train,35,53,6
3081,train,35,55,7
3084,train,35,58,11
3085,train,35,59,2
3086,train,35,60,1
3087,train,35,61,5
3090,train,35,64,3
3095,train,35,69,7
3097,train,35,71,6
3098,train,35,72,3
3099,train,35,73,3
3101,train,35,75,7
3103,train,35,77,5
3105,train,35,79,4
3106,train,35,80,1
3109,train,35,83,0
3110,train,35,84,1
3111,train,35,85,1
3113,train,35,87,3
3114,train,35,88,7
3115,train,35,89,1
3117,train,36,2,1
3118,train,36,3,1
3119,train,36,4,2
3122,train,36,7,7
3124,train,36,9,7
3130,train,36,15,10
3131,train,36,16,7
3133,train,36,18,7
3136,train,36,21,0
3137,train,36,22,3
3139,train,36,24,11
3143,train,36,28,7
3145,train,36,30,3
3148,train,36,33,9
3152,train,36,37,8
3153,train,36,38,5
3154,train,36,39,8
3157,train,36,42,5
3159,train,36,44,1
3162,train,36,47,6
3164,train,36,49,0
3166,train,36,51,0
3167,train,36,52,11
3168,train,36,53,0
3170,train,36,55,7
3173,train,36,58,6
3174,train,36,59,11
3175,train,36,60,9
3176,train,36,61,9
3179,train,36,64,7
3184,train,36,69,6
3186,train,36,71,2
3187,train,36,72,5
3188,train,36,73,7
3190,train,36,75,4
3192,train,36,77,7
3194,train,36,79,10
3195,train,36,80,3
3198,train,36,83,4
3199,train,36,84,0
3200,train,36,85,11
3202,train,36,87,4
3203,train,36,88,9
3204,train,36,89,7
3206,train,37,2,7
3207,train,37,3,0
3208,train,37,4,11
3211,train,37,7,1
3213,train,37,9,9
3219,train,37,15,0
3220,train,37,16,1
3222,train,37,18,2
3225,train,37,21,6
3226,train,37,22,0
3228,train,37,24,4
3232,train,37,28,0
3234,train,37,30,7
3237,train,37,33,0
3241,train,37,37,1
3242,train,37,38,0
3243,train,37,39,3
3246,train,37,42,3
3248,train,37,44,8
3251,train,37,47,5
3253,train,37,49,2
3255,train,37,51,1
3256,train,37,52,8
3257,train,37,53,1
3259,train,37,55,5
3262,train,37,58,1
3263,train,37,59,0
3264,train,37,60,9
3265,train,37,61,4
3268,train,37,64,8
3273,train,37,69,1
3275,train,37,71,1
3276,train,37,72,1
3277,train,37,73,4
3279,train,37,75,0
3281,train,37,77,6
3283,train,37,79,0
3284,train,37,80,11
3287,train,37,83,3
3288,train,37,84,2
3289,train,37,85,1
3291,train,37,87,0
3292,train,37,88,2
3293,train,37,89,8
3295,train,38,2,1
3296,train,38,3,6
3297,train,38,4,5
3300,train,38,7,10
3302,train,38,9,8
3308,train,38,15,1
3309,train,38,16,0
3311,train,38,18,0
3314,train,38,21,8
3315,train,38,22,2
3317,train,38,24,0
3321,train,38,28,9
3323,train,38,30,7
3326,train,38,33,4
3330,train,38,37,2
3331,train,38,38,10
3332,train,38,39,2
3335,train,38,42,5
3337,train,38,44,0
3340,train,38,47,5
3342,train,38,49,0
3344,train,38,51,8
3345,train,38,52,2
3346,train,38,53,8
3348,train,38,55,1
3351,train,38,58,0
3352,train,38,59,3
3353,train,38,60,3
3354,train,38,61,7
3357,train,38,64,3
3362,train,38,69,8
3364,train,38,71,3
3365,train,38,72,10
3366,train,38,73,3
3368,train,38,75,7
3370,train,38,77,4
3372,train,38,79,5
3373,train,38,80,10
3376,train,38,83,10
3377,train,38,84,2
3378,train,38,85,3
3380,train,38,87,8
3381,train,38,88,10
3382,train,38,89,1
3384,train,39,2,7
3385,train,39,3,0
3386,train,39,4,1
3389,train,39,7,7
3391,train,39,9,7
3397,train,39,15,1
3398,train,39,16,5
3400,train,39,18,7
3403,train,39,21,5
3404,train,39,22,2
3406,train,39,24,1
3410,train,39,28,1
3412,train,39,30,4
3415,train,39,33,0
3419,train,39,37,4
3420,train,39,38,8
3421,train,39,39,3
3424,train,39,42,2
3426,train,39,44,0
3429,train,39,47,6
3431,train,39,49,0
3433,train,39,51,1
3434,train,39,52,0
3435,train,39,53,1
3437,train,39,55,0
3440,train,39,58,10
3441,train,39,59,1
3442,train,39,60,2
3443,train,39,61,1
3446,train,39,64,0
3451,train,39,69,1
3453,train,39,71,1
3454,train,39,72,1
3455,train,39,73,1
3457,train,39,75,0
3459,train,39,77,2
3461,train,39,79,4
3462,train,39,80,3
3465,train,39,83,2
3466,train,39,84,2
3467,train,39,85,0
3469,train,39,87,3
3470,train,39,88,2
3471,train,39,89,5
3473,train,40,2,7
3474,train,40,3,0
3475,train,40,4,1
3478,train,40,7,4
3480,train,40,9,7
3486,train,40,15,5
3487,train,40,16,9
3489,train,40,18,1
3492,train,40,21,0
3493,train,40,22,2
3495,train,40,24,0
3499,train,40,28,4
3501,train,40,30,2
3504,train,40,33,0
3508,train,40,37,10
3509,train,40,38,6
3510,train,40,39,3
3513,train,40,42,2
3515,train,40,44,8
3518,train,40,47,9
3520,train,40,49,0
3522,train,40,51,1
3523,train,40,52,1
3524,train,40,53,6
3526,train,40,55,7
3529,train,40,58,8
3530,train,40,59,2
3531,train,40,60,1
3532,train,40,61,4
3535,train,40,64,11
3540,train,40,69,0
3542,train,40,71,2
3543,train,40,72,0
3544,train,40,73,5
3546,train,40,75,2
3548,train,40,77,5
3550,train,40,79,0
3551,train,40,80,1
3554,train,40,83,6
3555,train,40,84,0
3556,train,40,85,4
3558,train,40,87,5
3559,train,40,88,10
3560,train,40,89,11
3562,train,41,2,0
3563,train,41,3,1
3564,train,41,4,2
3567,train,41,7,9
3569,train,41,9,2
3575,train,41,15,4
3576,train,41,16,0
3578,train,41,18,0
3581,train,41,21,0
3582,train,41,22,2
3584,train,41,24,4
3588,train,41,28,0
3590,train,41,30,4
3593,train,41,33,0
3597,train,41,37,2
3598,train,41,38,0
3599,train,41,39,0
3602,train,41,42,1
3604,train,41,44,0
3607,train,41,47,2
3609,train,41,49,0
3611,train,41,51,0
3612,train,41,52,2
3613,train,41,53,9
3615,train,41,55,0
3618,train,41,58,0
3619,train,41,59,0
3620,train,41,60,0
3621,train,41,61,0
3624,train,41,64,0
3629,train,41,69,0
3631,train,41,71,0
3632,train,41,72,1
3633,train,41,73,1
3635,train,41,75,0
3637,train,41,77,0
3639,train,41,79,2
3640,train,41,80,1
3643,train,41,83,0
3644,train,41,84,0
3645,train,41,85,1
3647,train,41,87,4
3648,train,41,88,1
3649,train,41,89,2
3651,train,42,2,9
3652,train,42,3,0
3653,train,42,4,1
3656,train,42,7,1
3658,train,42,9,2
3664,train,42,15,1
3665,train,42,16,0
3667,train,42,18,0
3670,train,42,21,2
3671,train,42,22,2
3673,train,42,24,0
3677,train,42,28,1
3679,train,42,30,1
3682,train,42,33,0
3686,train,42,37,2
3687,train,42,38,5
3688,train,42,39,5
3691,train,42,42,11
3693,train,42,44,0
3696,train,42,47,3
3698,train,42,49,1
3700,train,42,51,1
3701,train,42,52,1
3702,train,42,53,1
3704,train,42,55,0
3707,train,42,58,1
3708,train,42,59,4
3709,train,42,60,0
3710,train,42,61,4
3713,train,42,64,0
3718,train,42,69,1
3720,train,42,71,5
3721,train,42,72,5
3722,train,42,73,0
3724,train,42,75,3
3726,train,42,77,0
3728,train,42,79,5
3729,train,42,80,4
3732,train,42,83,4
3733,train,42,84,4
3734,train,42,85,1
3736,train,42,87,9
3737,train,42,88,8
3738,train,42,89,3
3740,train,43,2,0
3741,train,43,3,1
3742,train,43,4,1
3745,train,43,7,0
3747,train,43,9,1
3753,train,43,15,0
3754,train,43,16,0
3756,train,43,18,6
3759,train,43,21,2
3760,train,43,22,0
3762,train,43,24,3
3766,train,43,28,6
3768,train,43,30,2
3771,train,43,33,1
3775,train,43,37,0
3776,train,43,38,5
3777,train,43,39,0
3780,train,43,42,1
3782,train,43,44,0
3785,train,43,47,5
3787,train,43,49,1
3789,train,43,51,1
3790,train,43,52,1
3791,train,43,53,1
3793,train,43,55,1
3796,train,43,58,4
3797,train,43,59,0
3798,train,43,60,0
3799,train,43,61,2
3802,train,43,64,1
3807,train,43,69,0
3809,train,43,71,3
3810,train,43,72,0
3811,train,43,73,0
3813,train,43,75,1
3815,train,43,77,1
3817,train,43,79,2
3818,train,43,80,5
3821,train,43,83,1
3822,train,43,84,1
3823,train,43,85,5
3825,train,43,87,1
3826,train,43,88,1
3827,train,43,89,1
3829,train,44,2,0
3830,train,44,3,0
3831,train,44,4,22
3834,train,44,7,10
3836,train,44,9,6
3842,train,44,15,1
3843,train,44,16,8
3845,train,44,18,0
3848,train,44,21,4
3849,train,44,22,2
3851,train,44,24,2
3855,train,44,28,0
3857,train,44,30,2
3860,train,44,33,0
3864,train,44,37,0
3865,train,44,38,0
3866,train,44,39,0
3869,train,44,42,1
3871,train,44,44,0
3874,train,44,47,1
3876,train,44,49,1
3878,train,44,51,2
3879,train,44,52,0
3880,train,44,53,1
3882,train,44,55,5
3885,train,44,58,0
3886,train,44,59,0
3887,train,44,60,0
3888,train,44,61,1
3891,train,44,64,1
3896,train,44,69,0
3898,train,44,71,0
3899,train,44,72,0
3900,train,44,73,0
3902,train,44,75,1
3904,train,44,77,0
3906,train,44,79,0
3907,train,44,80,5
3910,train,44,83,0
3911,train,44,84,0
3912,train,44,85,0
3914,train,44,87,21
3915,train,44,88,5
3916,train,44,89,5
3918,train,45,2,1
3919,train,45,3,2
3920,train,45,4,1
3923,train,45,7,4
3925,train,45,9,2
3931,train,45,15,2
3932,train,45,16,8
3934,train,45,18,3
3937,train,45,21,4
3938,train,45,22,11
3940,train,45,24,1
3944,train,45,28,0
3946,train,45,30,5
3949,train,45,33,7
3953,train,45,37,7
3954,train,45,38,9
3955,train,45,39,8
3958,train,45,42,3
3960,train,45,44,10
3963,train,45,47,7
3965,train,45,49,1
3967,train,45,51,8
3968,train,45,52,1
3969,train,45,53,1
3971,train,45,55,0
3974,train,45,58,3
3975,train,45,59,11
3976,train,45,60,0
3977,train,45,61,5
3980,train,45,64,6
3985,train,45,69,10
3987,train,45,71,0
3988,train,45,72,2
3989,train,45,73,4
3991,train,45,75,2
3993,train,45,77,2
3995,train,45,79,6
3996,train,45,80,5
3999,train,45,83,11
4000,train,45,84,6
4001,train,45,85,10
4003,train,45,87,4
4004,train,45,88,9
4005,train,45,89,0
4007,train,46,2,1
4008,train,46,3,0
4009,train,46,4,0
4012,train,46,7,0
4014,train,46,9,7
4020,train,46,15,1
4021,train,46,16,4
4023,train,46,18,4
4026,train,46,21,1
4027,train,46,22,4
4029,train,46,24,5
4033,train,46,28,5
4035,train,46,30,8
4038,train,46,33,8
4042,train,46,37,2
4043,train,46,38,0
4044,train,46,39,10
4047,train,46,42,3
4049,train,46,44,3
4052,train,46,47,1
4054,train,46,49,9
4056,train,46,51,1
4057,train,46,52,3
4058,train,46,53,2
4060,train,46,55,11
4063,train,46,58,5
4064,train,46,59,0
4065,train,46,60,6
4066,train,46,61,9
4069,train,46,64,8
4074,train,46,69,6
4076,train,46,71,5
4077,train,46,72,3
4078,train,46,73,9
4080,train,46,75,5
4082,train,46,77,11
4084,train,46,79,3
4085,train,46,80,11
4088,train,46,83,8
4089,train,46,84,10
4090,train,46,85,5
4092,train,46,87,9
4093,train,46,88,8
4094,train,46,89,8
4096,train,47,2,11
4097,train,47,3,5
4098,train,47,4,6
4101,train,47,7,0
4103,train,47,9,2
4109,train,47,15,8
4110,train,47,16,0
4112,train,47,18,8
4115,train,47,21,5
4116,train,47,22,11
4118,train,47,24,0
4122,train,47,28,1
4124,train,47,30,4
4127,train,47,33,10
4131,train,47,37,11
4132,train,47,38,7
4133,train,47,39,10
4136,train,47,42,11
4138,train,47,44,8
4141,train,47,47,5
4143,train,47,49,11
4145,train,47,51,0
4146,train,47,52,1
4147,train,47,53,8
4149,train,47,55,0
4152,train,47,58,5
4153,train,47,59,7
4154,train,47,60,0
4155,train,47,61,7
4158,train,47,64,9
4163,train,47,69,10
4165,train,47,71,0
4166,train,47,72,3
4167,train,47,73,1
4169,train,47,75,2
4171,train,47,77,6
4173,train,47,79,1
4174,train,47,80,9
4177,train,47,83,8
4178,train,47,84,8
4179,train,47,85,2
4181,train,47,87,3
4182,train,47,88,2
4183,train,47,89,8
4185,train,48,2,0
4186,train,48,3,0
4187,train,48,4,3
4190,train,48,7,6
4192,train,48,9,5
4198,train,48,15,2
4199,train,48,16,1
4201,train,48,18,3
4204,train,48,21,5
4205,train,48,22,1
4207,train,48,24,0
4211,train,48,28,0
4213,train,48,30,7
4216,train,48,33,9
4220,train,48,37,19
4221,train,48,38,0
4222,train,48,39,0
4225,train,48,42,0
4227,train,48,44,0
4230,train,48,47,4
4232,train,48,49,1
4234,train,48,51,1
4235,train,48,52,0
4236,train,48,53,1
4238,train,48,55,0
4241,train,48,58,1
4242,train,48,59,9
4243,train,48,60,0
4244,train,48,61,0
4247,train,48,64,1
4252,train,48,69,0
4254,train,48,71,9
4255,train,48,72,11
4256,train,48,73,1
4258,train,48,75,2
4260,train,48,77,0
4262,train,48,79,6
4263,train,48,80,5
4266,train,48,83,0
4267,train,48,84,6
4268,train,48,85,2
4270,train,48,87,1
4271,train,48,88,2
4272,train,48,89,5
4274,train,49,2,0
4275,train,49,3,1
4276,train,49,4,1
4279,train,49,7,0
4281,train,49,9,2
4287,train,49,15,1
4288,train,49,16,0
4290,train,49,18,4
4293,train,49,21,0
4294,train,49,22,2
4296,train,49,24,7
4300,train,49,28,5
4302,train,49,30,3
4305,train,49,33,1
4309,train,49,37,10
4310,train,49,38,10
4311,train,49,39,6
4314,train,49,42,5
4316,train,49,44,0
4319,train,49,47,7
4321,train,49,49,4
4323,train,49,51,6
4324,train,49,52,0
4325,train,49,53,5
4327,train,49,55,0
4330,train,49,58,1
4331,train,49,59,11
4332,train,49,60,9
4333,train,49,61,2
4336,train,49,64,1
4341,train,49,69,2
4343,train,49,71,11
4344,train,49,72,5
4345,train,49,73,9
4347,train,49,75,10
4349,train,49,77,2
4351,train,49,79,7
4352,train,49,80,5
4355,train,49,83,6
4356,train,49,84,0
4357,train,49,85,10
4359,train,49,87,11
4360,train,49,88,6
4361,train,49,89,3
4363,train,50,2,0
4364,train,50,3,4
4365,train,50,4,4
4368,train,50,7,8
4370,train,50,9,9
4376,train,50,15,2
4377,train,50,16,0
4379,train,50,18,0
4382,train,50,21,6
4383,train,50,22,2
4385,train,50,24,1
4389,train,50,28,6
4391,train,50,30,4
4394,train,50,33,1
4398,train,50,37,3
4399,train,50,38,5
4400,train,50,39,0
4403,train,50,42,5
4405,train,50,44,6
4408,train,50,47,5
4410,train,50,49,11
4412,train,50,51,1
4413,train,50,52,4
4414,train,50,53,1
4416,train,50,55,7
4419,train,50,58,2
4420,train,50,59,11
4421,train,50,60,0
4422,train,50,61,5
4425,train,50,64,6
4430,train,50,69,21
4432,train,50,71,5
4433,train,50,72,1
4434,train,50,73,1
4436,train,50,75,1
4438,train,50,77,2
4440,train,50,79,5
4441,train,50,80,4
4444,train,50,83,0
4445,train,50,84,0
4446,train,50,85,4
4448,train,50,87,4
4449,train,50,88,5
4450,train,50,89,7
4452,train,51,2,1
4453,train,51,3,3
4454,train,51,4,5
4457,train,51,7,2
4459,train,51,9,8
4465,train,51,15,1
4466,train,51,16,7
4468,train,51,18,3
4471,train,51,21,0
4472,train,51,22,9
4474,train,51,24,7
4478,train,51,28,6
4480,train,51,30,2
4483,train,51,33,6
4487,train,51,37,5
4488,train,51,38,8
4489,train,51,39,0
4492,train,51,42,4
4494,train,51,44,3
4497,train,51,47,0
4499,train,51,49,0
4501,train,51,51,0
4502,train,51,52,0
4503,train,51,53,7
4505,train,51,55,0
4508,train,51,58,0
4509,train,51,59,2
4510,train,51,60,9
4511,train,51,61,0
4514,train,51,64,3
4519,train,51,69,11
4521,train,51,71,2
4522,train,51,72,1
4523,train,51,73,1
4525,train,51,75,0
4527,train,51,77,1
4529,train,51,79,2
4530,train,51,80,0
4533,train,51,83,7
4534,train,51,84,1
4535,train,51,85,4
4537,train,51,87,1
4538,train,51,88,0
4539,train,51,89,8
4541,train,52,2,2
4542,train,52,3,2
4543,train,52,4,6
4546,train,52,7,2
4548,train,52,9,7
4554,train,52,15,0
4555,train,52,16,3
4557,train,52,18,11
4560,train,52,21,1
4561,train,52,22,11
4563,train,52,24,5
4567,train,52,28,30
4569,train,52,30,4
4572,train,52,33,0
4576,train,52,37,1
4577,train,52,38,2
4578,train,52,39,0
4581,train,52,42,6
4583,train,52,44,2
4586,train,52,47,7
4588,train,52,49,0
4590,train,52,51,10
4591,train,52,52,20
4592,train,52,53,9
4594,train,52,55,5
4597,train,52,58,10
4598,train,52,59,5
4599,train,52,60,5
4600,train,52,61,2
4603,train,52,64,6
4608,train,52,69,11
4610,train,52,71,9
4611,train,52,72,2
4612,train,52,73,2
4614,train,52,75,10
4616,train,52,77,10
4618,train,52,79,10
4619,train,52,80,4
4622,train,52,83,6
4623,train,52,84,2
4624,train,52,85,1
4626,train,52,87,18
4627,train,52,88,0
4628,train,52,89,0
4630,train,53,2,1
4631,train,53,3,2
4632,train,53,4,10
4635,train,53,7,9
4637,train,53,9,8
4643,train,53,15,0
4644,train,53,16,1
4646,train,53,18,1
4649,train,53,21,1
4650,train,53,22,2
4652,train,53,24,5
4656,train,53,28,1
4658,train,53,30,11
4661,train,53,33,1
4665,train,53,37,0
4666,train,53,38,0
4667,train,53,39,0
4670,train,53,42,0
4672,train,53,44,0
4675,train,53,47,1
4677,train,53,49,0
4679,train,53,51,2
4680,train,53,52,1
4681,train,53,53,2
4683,train,53,55,7
4686,train,53,58,5
4687,train,53,59,0
4688,train,53,60,2
4689,train,53,61,6
4692,train,53,64,0
4697,train,53,69,2
4699,train,53,71,0
4700,train,53,72,2
4701,train,53,73,6
4703,train,53,75,0
4705,train,53,77,0
4707,train,53,79,1
4708,train,53,80,3
4711,train,53,83,2
4712,train,53,84,0
4713,train,53,85,2
4715,train,53,87,8
4716,train,53,88,1
4717,train,53,89,3
4719,train,54,2,0
4720,train,54,3,0
4721,train,54,4,1
4724,train,54,7,0
4726,train,54,9,2
4732,train,54,15,1
4733,train,54,16,0
4735,train,54,18,1
4738,train,54,21,4
4739,train,54,22,5
4741,train,54,24,4
4745,train,54,28,2
4747,train,54,30,0
4750,train,54,33,6
4754,train,54,37,1
4755,train,54,38,11
4756,train,54,39,0
4759,train,54,42,2
4761,train,54,44,8
4764,train,54,47,0
4766,train,54,49,0
4768,train,54,51,2
4769,train,54,52,0
4770,train,54,53,1
4772,train,54,55,0
4775,train,54,58,10
4776,train,54,59,2
4777,train,54,60,0
4778,train,54,61,10
4781,train,54,64,2
4786,train,54,69,0
4788,train,54,71,4
4789,train,54,72,4
4790,train,54,73,11
4792,train,54,75,2
4794,train,54,77,1
4796,train,54,79,0
4797,train,54,80,10
4800,train,54,83,0
4801,train,54,84,46
4802,train,54,85,3
4804,train,54,87,4
4805,train,54,88,1
4806,train,54,89,0
4808,train,55,2,0
4809,train,55,3,1
4810,train,55,4,1
4813,train,55,7,10
4815,train,55,9,4
4821,train,55,15,5
4822,train,55,16,7
4824,train,55,18,1
4827,train,55,21,4
4828,train,55,22,0
4830,train,55,24,0
4834,train,55,28,4
4836,train,55,30,0
4839,train,55,33,0
4843,train,55,37,2
4844,train,55,38,5
4845,train,55,39,0
4848,train,55,42,3
4850,train,55,44,0
4853,train,55,47,0
4855,train,55,49,0
4857,train,55,51,1
4858,train,55,52,1
4859,train,55,53,1
4861,train,55,55,8
4864,train,55,58,1
4865,train,55,59,1
4866,train,55,60,1
4867,train,55,61,6
4870,train,55,64,0
4875,train,55,69,1
4877,train,55,71,2
4878,train,55,72,2
4879,train,55,73,2
4881,train,55,75,0
4883,train,55,77,2
4885,train,55,79,0
4886,train,55,80,0
4889,train,55,83,2
4890,train,55,84,0
4891,train,55,85,18
4893,train,55,87,1
4894,train,55,88,7
4895,train,55,89,1
4897,train,56,2,0
4898,train,56,3,0
4899,train,56,4,2
4902,train,56,7,0
4904,train,56,9,2
4910,train,56,15,1
4911,train,56,16,5
4913,train,56,18,3
4916,train,56,21,0
4917,train,56,22,8
4919,train,56,24,0
4923,train,56,28,2
4925,train,56,30,0
4928,train,56,33,6
4932,train,56,37,2
4933,train,56,38,1
4934,train,56,39,1
4937,train,56,42,2
4939,train,56,44,2
4942,train,56,47,6
4944,train,56,49,1
4946,train,56,51,4
4947,train,56,52,0
4948,train,56,53,11
4950,train,56,55,3
4953,train,56,58,6
4954,train,56,59,2
4955,train,56,60,2
4956,train,56,61,4
4959,train,56,64,10
4964,train,56,69,6
4966,train,56,71,8
4967,train,56,72,3
4968,train,56,73,10
4970,train,56,75,0
4972,train,56,77,3
4974,train,56,79,8
4975,train,56,80,11
4978,train,56,83,2
4979,train,56,84,6
4980,train,56,85,3
4982,train,56,87,5
4983,train,56,88,21
4984,train,56,89,1
4986,train,57,2,0
4987,train,57,3,3
4988,train,57,4,0
4991,train,57,7,7
4993,train,57,9,0
4999,train,57,15,2
5000,train,57,16,0
5002,train,57,18,10
5005,train,57,21,0
5006,train,57,22,2
5008,train,57,24,4
5012,train,57,28,3
5014,train,57,30,1
5017,train,57,33,0
5021,train,57,37,1
5022,train,57,38,1
5023,train,57,39,0
5026,train,57,42,2
5028,train,57,44,0
5031,train,57,47,1
5033,train,57,49,3
5035,train,57,51,0
5036,train,57,52,1
5037,train,57,53,1
5039,train,57,55,1
5042,train,57,58,1
5043,train,57,59,2
5044,train,57,60,1
5045,train,57,61,1
5048,train,57,64,5
5053,train,57,69,7
5055,train,57,71,5
5056,train,57,72,3
5057,train,57,73,1
5059,train,57,75,6
5061,train,57,77,2
5063,train,57,79,2
5064,train,57,80,1
5067,train,57,83,8
5068,train,57,84,0
5069,train,57,85,3
5071,train,57,87,0
5072,train,57,88,1
5073,train,57,89,0
5075,train,58,2,0
5076,train,58,3,1
5077,train,58,4,11
5080,train,58,7,4
5082,train,58,9,11
5088,train,58,15,1
5089,train,58,16,10
5091,train,58,18,3
5094,train,58,21,2
5095,train,58,22,1
5097,train,58,24,2
5101,train,58,28,7
5103,train,58,30,6
5106,train,58,33,6
5110,train,58,37,1
5111,train,58,38,2
5112,train,58,39,5
5115,train,58,42,6
5117,train,58,44,6
5120,train,58,47,6
5122,train,58,49,9
5124,train,58,51,6
5125,train,58,52,3
5126,train,58,53,6
5128,train,58,55,11
5131,train,58,58,9
5132,train,58,59,18
5133,train,58,60,7
5134,train,58,61,6
5137,train,58,64,0
5142,train,58,69,3
5144,train,58,71,2
5145,train,58,72,3
5146,train,58,73,11
5148,train,58,75,6
5150,train,58,77,4
5152,train,58,79,4
5153,train,58,80,9
5156,train,58,83,6
5157,train,58,84,3
5158,train,58,85,6
5160,train,58,87,2
5161,train,58,88,5
5162,train,58,89,4
5164,train,59,2,6
5165,train,59,3,5
5166,train,59,4,5
5169,train,59,7,2
5171,train,59,9,7
5177,train,59,15,0
5178,train,59,16,10
5180,train,59,18,18
5183,train,59,21,0
5184,train,59,22,9
5186,train,59,24,2
5190,train,59,28,2
5192,train,59,30,2
5195,train,59,33,5
5199,train,59,37,1
5200,train,59,38,6
5201,train,59,39,9
5204,train,59,42,7
5206,train,59,44,0
5209,train,59,47,1
5211,train,59,49,0
5213,train,59,51,1
5214,train,59,52,1
5215,train,59,53,5
5217,train,59,55,2
5220,train,59,58,6
5221,train,59,59,5
5222,train,59,60,1
5223,train,59,61,2
5226,train,59,64,9
5231,train,59,69,10
5233,train,59,71,3
5234,train,59,72,3
5235,train,59,73,6
5237,train,59,75,5
5239,train,59,77,9
5241,train,59,79,2
5242,train,59,80,18
5245,train,59,83,6
5246,train,59,84,6
5247,train,59,85,8
5249,train,59,87,6
5250,train,59,88,1
5251,train,59,89,4
5253,train,60,2,9
5254,train,60,3,2
5255,train,60,4,1
5258,train,60,7,11
5260,train,60,9,6
5266,train,60,15,0
5267,train,60,16,7
5269,train,60,18,5
5272,train,60,21,63
5273,train,60,22,4
5275,train,60,24,0
5279,train,60,28,4
5281,train,60,30,6
5284,train,60,33,0
5288,train,60,37,2
5289,train,60,38,0
5290,train,60,39,0
5293,train,60,42,1
5295,train,60,44,9
5298,train,60,47,4
5300,train,60,49,5
5302,train,60,51,10
5303,train,60,52,5
5304,train,60,53,1
5306,train,60,55,0
5309,train,60,58,11
5310,train,60,59,10
5311,train,60,60,3
5312,train,60,61,7
5315,train,60,64,5
5320,train,60,69,1
5322,train,60,71,1
5323,train,60,72,0
5324,train,60,73,2
5326,train,60,75,0
5328,train,60,77,1
5330,train,60,79,5
5331,train,60,80,11
5334,train,60,83,5
5335,train,60,84,0
5336,train,60,85,4
5338,train,60,87,4
5339,train,60,88,5
5340,train,60,89,0
5342,train,61,2,6
5343,train,61,3,10
5344,train,61,4,1
5347,train,61,7,6
5349,train,61,9,11
5355,train,61,15,3
5356,train,61,16,8
5358,train,61,18,6
5361,train,61,21,12
5362,train,61,22,9
5364,train,61,24,7
5368,train,61,28,4
5370,train,61,30,4
5373,train,61,33,6
5377,train,61,37,1
5378,train,61,38,8
5379,train,61,39,8
5382,train,61,42,5
5384,train,61,44,2
5387,train,61,47,9
5389,train,61,49,3
5391,train,61,51,8
5392,train,61,52,7
5393,train,61,53,18
5395,train,61,55,7
5398,train,61,58,1
5399,train,61,59,39
5400,train,61,60,17
5401,train,61,61,1
5404,train,61,64,36
5409,train,61,69,7
5411,train,61,71,2
5412,train,61,72,9
5413,train,61,73,5
5415,train,61,75,2
5417,train,61,77,6
5419,train,61,79,10
5420,train,61,80,10
5423,train,61,83,4
5424,train,61,84,3
5425,train,61,85,3
5427,train,61,87,0
5428,train,61,88,29
5429,train,61,89,18
5431,train,62,2,2
5432,train,62,3,5
5433,train,62,4,2
5436,train,62,7,1
5438,train,62,9,11
5444,train,62,15,3
5445,train,62,16,8
5447,train,62,18,7
5450,train,62,21,5
5451,train,62,22,2
5453,train,62,24,11
5457,train,62,28,4
5459,train,62,30,4
5462,train,62,33,2
5466,train,62,37,1
5467,train,62,38,2
5468,train,62,39,2
5471,train,62,42,5
5473,train,62,44,6
5476,train,62,47,7
5478,train,62,49,3
5480,train,62,51,1
5481,train,62,52,3
5482,train,62,53,2
5484,train,62,55,0
5487,train,62,58,6
5488,train,62,59,2
5489,train,62,60,0
5490,train,62,61,1
5493,train,62,64,1
5498,train,62,69,2
5500,train,62,71,11
5501,train,62,72,2
5502,train,62,73,1
5504,train,62,75,2
5506,train,62,77,1
5508,train,62,79,1
5509,train,62,80,4
5512,train,62,83,6
5513,train,62,84,1
5514,train,62,85,5
5516,train,62,87,0
5517,train,62,88,1
5518,train,62,89,5
5520,train,63,2,0
5521,train,63,3,7
5522,train,63,4,6
5525,train,63,7,7
5527,train,63,9,1
5533,train,63,15,0
5534,train,63,16,0
5536,train,63,18,1
5539,train,63,21,10
5540,train,63,22,2
5542,train,63,24,0
5546,train,63,28,4
5548,train,63,30,3
5551,train,63,33,0
5555,train,63,37,2
5556,train,63,38,0
5557,train,63,39,6
5560,train,63,42,0
5562,train,63,44,1
5565,train,63,47,1
5567,train,63,49,4
5569,train,63,51,1
5570,train,63,52,2
5571,train,63,53,2
5573,train,63,55,1
5576,train,63,58,1
5577,train,63,59,2
5578,train,63,60,0
5579,train,63,61,5
5582,train,63,64,0
5587,train,63,69,1
5589,train,63,71,0
5590,train,63,72,2
5591,train,63,73,0
5593,train,63,75,1
5595,train,63,77,3
5597,train,63,79,3
5598,train,63,80,1
5601,train,63,83,0
5602,train,63,84,3
5603,train,63,85,3
5605,train,63,87,2
5606,train,63,88,0
5607,train,63,89,0
5609,train,64,2,2
5610,train,64,3,0
5611,train,64,4,6
5614,train,64,7,10
5616,train,64,9,6
5622,train,64,15,1
5623,train,64,16,1
5625,train,64,18,0
5628,train,64,21,4
5629,train,64,22,1
5631,train,64,24,2
5635,train,64,28,0
5637,train,64,30,4
5640,train,64,33,0
5644,train,64,37,0
5645,train,64,38,0
5646,train,64,39,0
5649,train,64,42,0
5651,train,64,44,1
5654,train,64,47,1
5656,train,64,49,1
5658,train,64,51,1
5659,train,64,52,1
5660,train,64,53,4
5662,train,64,55,5
5665,train,64,58,2
5666,train,64,59,0
5667,train,64,60,0
5668,train,64,61,0
5671,train,64,64,0
5676,train,64,69,0
5678,train,64,71,1
5679,train,64,72,3
5680,train,64,73,0
5682,train,64,75,0
5684,train,64,77,6
5686,train,64,79,0
5687,train,64,80,11
5690,train,64,83,9
5691,train,64,84,0
5692,train,64,85,2
5694,train,64,87,4
5695,train,64,88,3
5696,train,64,89,1
5698,train,65,2,11
5699,train,65,3,2
5700,train,65,4,1
5703,train,65,7,1
5705,train,65,9,11
5711,train,65,15,2
5712,train,65,16,0
5714,train,65,18,8
5717,train,65,21,0
5718,train,65,22,2
5720,train,65,24,0
5724,train,65,28,1
5726,train,65,30,0
5729,train,65,33,0
5733,train,65,37,1
5734,train,65,38,2
5735,train,65,39,0
5738,train,65,42,0
5740,train,65,44,6
5743,train,65,47,2
5745,train,65,49,0
5747,train,65,51,4
5748,train,65,52,0
5749,train,65,53,1
5751,train,65,55,1
5754,train,65,58,0
5755,train,65,59,2
5756,train,65,60,1
5757,train,65,61,0
5760,train,65,64,0
5765,train,65,69,1
5767,train,65,71,8
5768,train,65,72,6
5769,train,65,73,5
5771,train,65,75,0
5773,train,65,77,0
5775,train,65,79,6
5776,train,65,80,0
5779,train,65,83,8
5780,train,65,84,1
5781,train,65,85,0
5783,train,65,87,0
5784,train,65,88,0
5785,train,65,89,0
5787,train,66,2,2
5788,train,66,3,2
5789,train,66,4,5
5792,train,66,7,5
5794,train,66,9,11
5800,train,66,15,2
5801,train,66,16,10
5803,train,66,18,0
5806,train,66,21,0
5807,train,66,22,2
5809,train,66,24,8
5813,train,66,28,6
5815,train,66,30,4
5818,train,66,33,0
5822,train,66,37,7
5823,train,66,38,0
5824,train,66,39,2
5827,train,66,42,2
5829,train,66,44,1
5832,train,66,47,2
5834,train,66,49,0
5836,train,66,51,1
5837,train,66,52,0
5838,train,66,53,1
5840,train,66,55,0
5843,train,66,58,7
5844,train,66,59,1
5845,train,66,60,0
5846,train,66,61,0
5849,train,66,64,0
5854,train,66,69,1
5856,train,66,71,0
5857,train,66,72,0
5858,train,66,73,0
5860,train,66,75,1
5862,train,66,77,0
5864,train,66,79,0
5865,train,66,80,11
5868,train,66,83,1
5869,train,66,84,0
5870,train,66,85,0
5872,train,66,87,0
5873,train,66,88,1
5874,train,66,89,0
5876,train,67,2,8
5877,train,67,3,1
5878,train,67,4,5
5881,train,67,7,6
5883,train,67,9,11
5889,train,67,15,3
5890,train,67,16,3
5892,train,67,18,5
5895,train,67,21,10
5896,train,67,22,2
5898,train,67,24,9
5902,train,67,28,2
5904,train,67,30,5
5907,train,67,33,1
5911,train,67,37,5
5912,train,67,38,1
5913,train,67,39,0
5916,train,67,42,4
5918,train,67,44,2
5921,train,67,47,1
5923,train,67,49,1
5925,train,67,51,2
5926,train,67,52,5
5927,train,67,53,1
5929,train,67,55,2
5932,train,67,58,1
5933,train,67,59,2
5934,train,67,60,7
5935,train,67,61,4
5938,train,67,64,3
5943,train,67,69,8
5945,train,67,71,1
5946,train,67,72,0
5947,train,67,73,2
5949,train,67,75,6
5951,train,67,77,6
5953,train,67,79,6
5954,train,67,80,7
5957,train,67,83,3
5958,train,67,84,0
5959,train,67,85,7
5961,train,67,87,1
5962,train,67,88,1
5963,train,67,89,2
5965,train,68,2,10
5966,train,68,3,6
5967,train,68,4,10
5970,train,68,7,1
5972,train,68,9,7
5978,train,68,15,0
5979,train,68,16,7
5981,train,68,18,3
5984,train,68,21,38
5985,train,68,22,2
5987,train,68,24,8
5991,train,68,28,1
5993,train,68,30,2
5996,train,68,33,0
6000,train,68,37,9
6001,train,68,38,3
6002,train,68,39,0
6005,train,68,42,2
6007,train,68,44,0
6010,train,68,47,0
6012,train,68,49,0
6014,train,68,51,1
6015,train,68,52,1
6016,train,68,53,1
6018,train,68,55,0
6021,train,68,58,2
6022,train,68,59,42
6023,train,68,60,0
6024,train,68,61,0
6027,train,68,64,1
6032,train,68,69,1
6034,train,68,71,2
6035,train,68,72,0
6036,train,68,73,8
6038,train,68,75,2
6040,train,68,77,0
6042,train,68,79,4
6043,train,68,80,2
6046,train,68,83,0
6047,train,68,84,0
6048,train,68,85,2
6050,train,68,87,0
6051,train,68,88,5
6052,train,68,89,11
6054,train,69,2,2
6055,train,69,3,1
6056,train,69,4,0
6059,train,69,7,10
6061,train,69,9,5
6067,train,69,15,1
6068,train,69,16,7
6070,train,69,18,7
6073,train,69,21,6
6074,train,69,22,2
6076,train,69,24,2
6080,train,69,28,5
6082,train,69,30,4
6085,train,69,33,3
6089,train,69,37,3
6090,train,69,38,0
6091,train,69,39,4
6094,train,69,42,0
6096,train,69,44,0
6099,train,69,47,3
6101,train,69,49,0
6103,train,69,51,1
6104,train,69,52,1
6105,train,69,53,1
6107,train,69,55,5
6110,train,69,58,6
6111,train,69,59,2
6112,train,69,60,1
6113,train,69,61,1
6116,train,69,64,5
6121,train,69,69,1
6123,train,69,71,1
6124,train,69,72,0
6125,train,69,73,1
6127,train,69,75,3
6129,train,69,77,2
6131,train,69,79,2
6132,train,69,80,8
6135,train,69,83,1
6136,train,69,84,4
6137,train,69,85,6
6139,train,69,87,0
6140,train,69,88,1
6141,train,69,89,1
6143,train,70,2,0
6144,train,70,3,0
6145,train,70,4,1
6148,train,70,7,0
6150,train,70,9,11
6156,train,70,15,1
6157,train,70,16,1
6159,train,70,18,0
6162,train,70,21,0
6163,train,70,22,0
6165,train,70,24,1
6169,train,70,28,0
6171,train,70,30,7
6174,train,70,33,0
6178,train,70,37,1
6179,train,70,38,0
6180,train,70,39,0
6183,train,70,42,2
6185,train,70,44,1
6188,train,70,47,0
6190,train,70,49,0
6192,train,70,51,0
6193,train,70,52,0
6194,train,70,53,1
6196,train,70,55,0
6199,train,70,58,1
6200,train,70,59,8
6201,train,70,60,0
6202,train,70,61,0
6205,train,70,64,0
6210,train,70,69,0
6212,train,70,71,8
6213,train,70,72,4
6214,train,70,73,1
6216,train,70,75,0
6218,train,70,77,3
6220,train,70,79,1
6221,train,70,80,2
6224,train,70,83,1
6225,train,70,84,1
6226,train,70,85,3
6228,train,70,87,1
6229,train,70,88,0
6230,train,70,89,0
6232,train,71,2,8
6233,train,71,3,6
6234,train,71,4,10
6237,train,71,7,8
6239,train,71,9,18
6245,train,71,15,0
6246,train,71,16,1
6248,train,71,18,8
6251,train,71,21,0
6252,train,71,22,9
6254,train,71,24,6
6258,train,71,28,4
6260,train,71,30,2
6263,train,71,33,1
6267,train,71,37,5
6268,train,71,38,8
6269,train,71,39,7
6272,train,71,42,2
6274,train,71,44,5
6277,train,71,47,1
6279,train,71,49,0
6281,train,71,51,0
6282,train,71,52,0
6283,train,71,53,11
6285,train,71,55,6
6288,train,71,58,6
6289,train,71,59,2
6290,train,71,60,1
6291,train,71,61,6
6294,train,71,64,6
6299,train,71,69,1
6301,train,71,71,0
6302,train,71,72,2
6303,train,71,73,11
6305,train,71,75,2
6307,train,71,77,1
6309,train,71,79,2
6310,train,71,80,10
6313,train,71,83,1
6314,train,71,84,6
6315,train,71,85,0
6317,train,71,87,0
6318,train,71,88,6
6319,train,71,89,5
6321,train,72,2,7
6322,train,72,3,0
6323,train,72,4,3
6326,train,72,7,9
6328,train,72,9,8
6334,train,72,15,8
6335,train,72,16,0
6337,train,72,18,8
6340,train,72,21,0
6341,train,72,22,1
6343,train,72,24,1
6347,train,72,28,0
6349,train,72,30,23
6352,train,72,33,2
6356,train,72,37,1
6357,train,72,38,9
6358,train,72,39,0
6361,train,72,42,0
6363,train,72,44,0
6366,train,72,47,1
6368,train,72,49,0
6370,train,72,51,0
6371,train,72,52,0
6372,train,72,53,0
6374,train,72,55,8
6377,train,72,58,0
6378,train,72,59,3
6379,train,72,60,0
6380,train,72,61,0
6383,train,72,64,0
6388,train,72,69,2
6390,train,72,71,0
6391,train,72,72,0
6392,train,72,73,6
6394,train,72,75,0
6396,train,72,77,0
6398,train,72,79,0
6399,train,72,80,10
6402,train,72,83,0
6403,train,72,84,0
6404,train,72,85,0
6406,train,72,87,1
6407,train,72,88,1
6408,train,72,89,0
6410,train,73,2,0
6411,train,73,3,0
6412,train,73,4,0
6415,train,73,7,0
6417,train,73,9,9
6423,train,73,15,0
6424,train,73,16,7
6426,train,73,18,0
6429,train,73,21,1
6430,train,73,22,2
6432,train,73,24,0
6436,train,73,28,0
6438,train,73,30,0
6441,train,73,33,0
6445,train,73,37,1
6446,train,73,38,0
6447,train,73,39,0
6450,train,73,42,0
6452,train,73,44,0
6455,train,73,47,0
6457,train,73,49,3
6459,train,73,51,0
6460,train,73,52,0
6461,train,73,53,0
6463,train,73,55,0
6466,train,73,58,2
6467,train,73,59,2
6468,train,73,60,0
6469,train,73,61,0
6472,train,73,64,0
6477,train,73,69,1
6479,train,73,71,0
6480,train,73,72,9
6481,train,73,73,5
6483,train,73,75,0
6485,train,73,77,3
6487,train,73,79,1
6488,train,73,80,5
6491,train,73,83,9
6492,train,73,84,1
6493,train,73,85,2
6495,train,73,87,0
6496,train,73,88,0
6497,train,73,89,1
6499,train,74,2,7
6500,train,74,3,2
6501,train,74,4,2
6504,train,74,7,4
6506,train,74,9,0
6512,train,74,15,4
6513,train,74,16,0
6515,train,74,18,7
6518,train,74,21,0
6519,train,74,22,5
6521,train,74,24,11
6525,train,74,28,0
6527,train,74,30,6
6530,train,74,33,5
6534,train,74,37,1
6535,train,74,38,2
6536,train,74,39,1
6539,train,74,42,5
6541,train,74,44,11
6544,train,74,47,4
6546,train,74,49,8
6548,train,74,51,0
6549,train,74,52,9
6550,train,74,53,0
6552,train,74,55,6
6555,train,74,58,2
6556,train,74,59,0
6557,train,74,60,4
6558,train,74,61,2
6561,train,74,64,1
6566,train,74,69,0
6568,train,74,71,1
6569,train,74,72,2
6570,train,74,73,5
6572,train,74,75,0
6574,train,74,77,0
6576,train,74,79,0
6577,train,74,80,0
6580,train,74,83,7
6581,train,74,84,0
6582,train,74,85,0
6584,train,74,87,4
6585,train,74,88,3
6586,train,74,89,4
6588,train,75,2,0
6589,train,75,3,0
6590,train,75,4,1
6593,train,75,7,4
6595,train,75,9,3
6601,train,75,15,0
6602,train,75,16,6
6604,train,75,18,7
6607,train,75,21,7
6608,train,75,22,2
6610,train,75,24,0
6614,train,75,28,0
6616,train,75,30,6
6619,train,75,33,2
6623,train,75,37,7
6624,train,75,38,1
6625,train,75,39,3
6628,train,75,42,2
6630,train,75,44,0
6633,train,75,47,1
6635,train,75,49,0
6637,train,75,51,1
6638,train,75,52,0
6639,train,75,53,1
6641,train,75,55,0
6644,train,75,58,1
6645,train,75,59,4
6646,train,75,60,0
6647,train,75,61,0
6650,train,75,64,1
6655,train,75,69,3
6657,train,75,71,0
6658,train,75,72,0
6659,train,75,73,5
6661,train,75,75,1
6663,train,75,77,1
6665,train,75,79,0
6666,train,75,80,4
6669,train,75,83,0
6670,train,75,84,1
6671,train,75,85,2
6673,train,75,87,0
6674,train,75,88,0
6675,train,75,89,5
6677,train,76,2,5
6678,train,76,3,2
6679,train,76,4,10
6682,train,76,7,4
6684,train,76,9,0
6690,train,76,15,8
6691,train,76,16,6
6693,train,76,18,10
6696,train,76,21,11
6697,train,76,22,6
6699,train,76,24,1
6703,train,76,28,2
6705,train,76,30,7
6708,train,76,33,4
6712,train,76,37,2
6713,train,76,38,6
6714,train,76,39,6
6717,train,76,42,5
6719,train,76,44,7
6722,train,76,47,0
6724,train,76,49,6
6726,train,76,51,6
6727,train,76,52,8
6728,train,76,53,2
6730,train,76,55,2
6733,train,76,58,5
6734,train,76,59,31
6735,train,76,60,7
6736,train,76,61,10
6739,train,76,64,5
6744,train,76,69,0
6746,train,76,71,2
6747,train,76,72,5
6748,train,76,73,10
6750,train,76,75,6
6752,train,76,77,6
6754,train,76,79,4
6755,train,76,80,4
6758,train,76,83,2
6759,train,76,84,0
6760,train,76,85,31
6762,train,76,87,5
6763,train,76,88,74
6764,train,76,89,4
6766,train,77,2,0
6767,train,77,3,2
6768,train,77,4,1
6771,train,77,7,10
6773,train,77,9,2
6779,train,77,15,0
6780,train,77,16,7
6782,train,77,18,4
6785,train,77,21,38
6786,train,77,22,4
6788,train,77,24,10
6792,train,77,28,0
6794,train,77,30,6
6797,train,77,33,3
6801,train,77,37,1
6802,train,77,38,17
6803,train,77,39,0
6806,train,77,42,1
6808,train,77,44,0
6811,train,77,47,1
6813,train,77,49,0
6815,train,77,51,2
6816,train,77,52,0
6817,train,77,53,6
6819,train,77,55,10
6822,train,77,58,33
6823,train,77,59,3
6824,train,77,60,1
6825,train,77,61,0
6828,train,77,64,7
6833,train,77,69,3
6835,train,77,71,4
6836,train,77,72,0
6837,train,77,73,1
6839,train,77,75,0
6841,train,77,77,2
6843,train,77,79,2
6844,train,77,80,4
6847,train,77,83,9
6848,train,77,84,1
6849,train,77,85,41
6851,train,77,87,1
6852,train,77,88,0
6853,train,77,89,4
6855,train,78,2,6
6856,train,78,3,0
6857,train,78,4,1
6860,train,78,7,4
6862,train,78,9,2
6868,train,78,15,8
6869,train,78,16,6
6871,train,78,18,6
6874,train,78,21,1
6875,train,78,22,2
6877,train,78,24,7
6881,train,78,28,0
6883,train,78,30,8
6886,train,78,33,0
6890,train,78,37,2
6891,train,78,38,4
6892,train,78,39,0
6895,train,78,42,4
6897,train,78,44,0
6900,train,78,47,2
6902,train,78,49,3
6904,train,78,51,0
6905,train,78,52,1
6906,train,78,53,1
6908,train,78,55,0
6911,train,78,58,0
6912,train,78,59,0
6913,train,78,60,0
6914,train,78,61,0
6917,train,78,64,0
6922,train,78,69,1
6924,train,78,71,0
6925,train,78,72,4
6926,train,78,73,1
6928,train,78,75,2
6930,train,78,77,3
6932,train,78,79,6
6933,train,78,80,5
6936,train,78,83,1
6937,train,78,84,5
6938,train,78,85,1
6940,train,78,87,0
6941,train,78,88,3
6942,train,78,89,2
6944,train,79,2,5
6945,train,79,3,6
6946,train,79,4,4
6949,train,79,7,9
6951,train,79,9,8
6957,train,79,15,10
6958,train,79,16,6
6960,train,79,18,3
6963,train,79,21,6
6964,train,79,22,8
6966,train,79,24,4
6970,train,79,28,2
6972,train,79,30,3
6975,train,79,33,3
6979,train,79,37,2
6980,train,79,38,6
6981,train,79,39,5
6984,train,79,42,6
6986,train,79,44,2
6989,train,79,47,5
6991,train,79,49,0
6993,train,79,51,3
6994,train,79,52,0
6995,train,79,53,8
6997,train,79,55,0
7000,train,79,58,0
7001,train,79,59,3
7002,train,79,60,0
7003,train,79,61,5
7006,train,79,64,2
7011,train,79,69,5
7013,train,79,71,4
7014,train,79,72,9
7015,train,79,73,3
7017,train,79,75,0
7019,train,79,77,3
7021,train,79,79,5
7022,train,79,80,3
7025,train,79,83,1
7026,train,79,84,3
7027,train,79,85,3
7029,train,79,87,3
7030,train,79,88,2
7031,train,79,89,1
7033,train,80,2,9
7034,train,80,3,3
7035,train,80,4,0
7038,train,80,7,10
7040,train,80,9,11
7046,train,80,15,1
7047,train,80,16,0
7049,train,80,18,7
7052,train,80,21,1
7053,train,80,22,1
7055,train,80,24,8
7059,train,80,28,1
7061,train,80,30,2
7064,train,80,33,1
7068,train,80,37,2
7069,train,80,38,5
7070,train,80,39,0
7073,train,80,42,1
7075,train,80,44,7
7078,train,80,47,1
7080,train,80,49,1
7082,train,80,51,1
7083,train,80,52,2
7084,train,80,53,1
7086,train,80,55,0
7089,train,80,58,0
7090,train,80,59,1
7091,train,80,60,0
7092,train,80,61,0
7095,train,80,64,0
7100,train,80,69,1
7102,train,80,71,1
7103,train,80,72,1
7104,train,80,73,0
7106,train,80,75,1
7108,train,80,77,3
7110,train,80,79,1
7111,train,80,80,1
7114,train,80,83,0
7115,train,80,84,0
7116,train,80,85,0
7118,train,80,87,0
7119,train,80,88,1
7120,train,80,89,0
7122,train,81,2,2
7123,train,81,3,2
7124,train,81,4,5
7127,train,81,7,1
7129,train,81,9,8
7135,train,81,15,0
7136,train,81,16,1
7138,train,81,18,7
7141,train,81,21,2
7142,train,81,22,2
7144,train,81,24,0
7148,train,81,28,1
7150,train,81,30,7
7153,train,81,33,1
7157,train,81,37,1
7158,train,81,38,0
7159,train,81,39,0
7162,train,81,42,0
7164,train,81,44,4
7167,train,81,47,1
7169,train,81,49,1
7171,train,81,51,0
7172,train,81,52,1
7173,train,81,53,2
7175,train,81,55,0
7178,train,81,58,6
7179,train,81,59,6
7180,train,81,60,0
7181,train,81,61,1
7184,train,81,64,3
7189,train,81,69,2
7191,train,81,71,2
7192,train,81,72,1
7193,train,81,73,2
7195,train,81,75,0
7197,train,81,77,0
7199,train,81,79,0
7200,train,81,80,1
7203,train,81,83,1
7204,train,81,84,2
7205,train,81,85,3
7207,train,81,87,2
7208,train,81,88,2
7209,train,81,89,4
7211,train,82,2,0
7212,train,82,3,6
7213,train,82,4,1
7216,train,82,7,6
7218,train,82,9,11
7224,train,82,15,0
7225,train,82,16,0
7227,train,82,18,0
7230,train,82,21,1
7231,train,82,22,2
7233,train,82,24,0
7237,train,82,28,0
7239,train,82,30,0
7242,train,82,33,0
7246,train,82,37,0
7247,train,82,38,1
7248,train,82,39,4
7251,train,82,42,2
7253,train,82,44,1
7256,train,82,47,1
7258,train,82,49,0
7260,train,82,51,1
7261,train,82,52,1
7262,train,82,53,1
7264,train,82,55,0
7267,train,82,58,0
7268,train,82,59,3
7269,train,82,60,0
7270,train,82,61,2
7273,train,82,64,0
7278,train,82,69,0
7280,train,82,71,2
7281,train,82,72,2
7282,train,82,73,7
7284,train,82,75,0
7286,train,82,77,0
7288,train,82,79,0
7289,train,82,80,4
7292,train,82,83,0
7293,train,82,84,1
7294,train,82,85,0
7296,train,82,87,1
7297,train,82,88,0
7298,train,82,89,0
7300,train,83,2,7
7301,train,83,3,4
7302,train,83,4,1
7305,train,83,7,7
7307,train,83,9,8
7313,train,83,15,0
7314,train,83,16,0
7316,train,83,18,0
7319,train,83,21,4
7320,train,83,22,2
7322,train,83,24,2
7326,train,83,28,0
7328,train,83,30,4
7331,train,83,33,0
7335,train,83,37,1
7336,train,83,38,0
7337,train,83,39,0
7340,train,83,42,2
7342,train,83,44,1
7345,train,83,47,2
7347,train,83,49,0
7349,train,83,51,1
7350,train,83,52,0
7351,train,83,53,1
7353,train,83,55,1
7356,train,83,58,1
7357,train,83,59,0
7358,train,83,60,1
7359,train,83,61,0
7362,train,83,64,0
7367,train,83,69,1
7369,train,83,71,2
7370,train,83,72,0
7371,train,83,73,1
7373,train,83,75,2
7375,train,83,77,0
7377,train,83,79,1
7378,train,83,80,2
7381,train,83,83,0
7382,train,83,84,0
7383,train,83,85,1
7385,train,83,87,0
7386,train,83,88,1
7387,train,83,89,2
7389,train,84,2,2
7390,train,84,3,2
7391,train,84,4,8
7394,train,84,7,6
7396,train,84,9,11
7402,train,84,15,1
7403,train,84,16,5
7405,train,84,18,5
7408,train,84,21,2
7409,train,84,22,2
7411,train,84,24,5
7415,train,84,28,2
7417,train,84,30,15
7420,train,84,33,2
7424,train,84,37,1
7425,train,84,38,0
7426,train,84,39,5
7429,train,84,42,0
7431,train,84,44,0
7434,train,84,47,2
7436,train,84,49,0
7438,train,84,51,0
7439,train,84,52,4
7440,train,84,53,2
7442,train,84,55,5
7445,train,84,58,2
7446,train,84,59,4
7447,train,84,60,2
7448,train,84,61,2
7451,train,84,64,0
7456,train,84,69,1
7458,train,84,71,0
7459,train,84,72,1
7460,train,84,73,0
7462,train,84,75,1
7464,train,84,77,4
7466,train,84,79,0
7467,train,84,80,1
7470,train,84,83,0
7471,train,84,84,3
7472,train,84,85,6
7474,train,84,87,4
7475,train,84,88,2
7476,train,84,89,10
7478,train,85,2,2
7479,train,85,3,1
7480,train,85,4,1
7483,train,85,7,4
7485,train,85,9,7
7491,train,85,15,1
7492,train,85,16,3
7494,train,85,18,7
7497,train,85,21,2
7498,train,85,22,5
7500,train,85,24,0
7504,train,85,28,8
7506,train,85,30,9
7509,train,85,33,0
7513,train,85,37,4
7514,train,85,38,0
7515,train,85,39,5
7518,train,85,42,0
7520,train,85,44,8
7523,train,85,47,0
7525,train,85,49,4
7527,train,85,51,3
7528,train,85,52,1
7529,train,85,53,8
7531,train,85,55,4
7534,train,85,58,4
7535,train,85,59,10
7536,train,85,60,2
7537,train,85,61,10
7540,train,85,64,4
7545,train,85,69,6
7547,train,85,71,0
7548,train,85,72,2
7549,train,85,73,1
7551,train,85,75,8
7553,train,85,77,4
7555,train,85,79,6
7556,train,85,80,8
7559,train,85,83,9
7560,train,85,84,5
7561,train,85,85,1
7563,train,85,87,9
7564,train,85,88,0
7565,train,85,89,4
